{
  "M4": {
    "x": 0.4959895833333333,
    "y": 0.22643229166666667
  },
  "AK": {
    "x": 0.08011957848524712,
    "y": 0.7070452983515891
  }
}
