{
  "M4": {
    "x": 0.49466145833333336,
    "y": 0.279765625
  },
  "AK": {
    "x": 0.08666666666666667,
    "y": 0.6885875414953304
  }
}
